c7003ab,https://github.com/k9mail/k-9/commit/c7003ab02805b6d8b5dc10817b2f25de31c7c595,Cleaned up ActionBarNavigationSpinner,null,['src/com/fsck/k9/activity/misc/ActionBarNavigationSpinner.java'],"Jul 23, 2012"
f46f733,https://github.com/k9mail/k-9/commit/f46f733bce3228bab968b9d3134d4ed5cd5df424,Moved ActionBarNavigationSpinner to another package,null,['src/com/fsck/k9/activity/FolderList.java'],"Jul 23, 2012"
f46f733,https://github.com/k9mail/k-9/commit/f46f733bce3228bab968b9d3134d4ed5cd5df424,Moved ActionBarNavigationSpinner to another package,null,['src/com/fsck/k9/activity/MessageList.java'],"Jul 23, 2012"
f46f733,https://github.com/k9mail/k-9/commit/f46f733bce3228bab968b9d3134d4ed5cd5df424,Moved ActionBarNavigationSpinner to another package,null,['src/com/fsck/k9/{helper → activity/misc}/ActionBarNavigationSpinner.java'],"Jul 23, 2012"
933a8fd,https://github.com/k9mail/k-9/commit/933a8fdcd5ec7f7fd1d0768e7c9b43351cfa4e20,Made actionbar_selected a format string,null,['res/values/strings.xml'],"Jul 23, 2012"
933a8fd,https://github.com/k9mail/k-9/commit/933a8fdcd5ec7f7fd1d0768e7c9b43351cfa4e20,Made actionbar_selected a format string,null,['src/com/fsck/k9/activity/MessageList.java'],"Jul 23, 2012"
763e285,https://github.com/k9mail/k-9/commit/763e2853d76b871a1c2e83353f983e6ca10557fd,Whitespace fixes,null,['src/com/fsck/k9/activity/MessageList.java'],"Jul 23, 2012"
33cae2f,https://github.com/k9mail/k-9/commit/33cae2fdab67b9dade93c5f577f8d1e9371a3067,Fixed actionbar context mode bug when rotating the screen.,null,['src/com/fsck/k9/activity/MessageList.java'],"Jul 20, 2012"
f11e3d5,https://github.com/k9mail/k-9/commit/f11e3d50595e5f31be88d12980cdc80f5cef3239,Have a nice title for messagelist displaying a query.,null,['src/com/fsck/k9/activity/MessageList.java'],"Jul 20, 2012"
a730e67,https://github.com/k9mail/k-9/commit/a730e675144755b0efaea4fdd8a4b2c3b63c6cb4,Have a dynamic context actionbar filled with options that are support…,…ed by the current selection of mails. Also works for unified inbox.,['src/com/fsck/k9/activity/MessageList.java'],"Jul 20, 2012"
35e8937,https://github.com/k9mail/k-9/commit/35e8937b8ab56ea8ee98e8b0f1217e86e837b37e,Remove send alternate option from messagelist activity.,null,['res/menu/message_list_context.xml'],"Jul 20, 2012"
35e8937,https://github.com/k9mail/k-9/commit/35e8937b8ab56ea8ee98e8b0f1217e86e837b37e,Remove send alternate option from messagelist activity.,null,['src/com/fsck/k9/activity/MessageList.java'],"Jul 20, 2012"
24d7416,https://github.com/k9mail/k-9/commit/24d7416e61b8210e2110e9c998aa641c18aea6b0,Implemented the (Un)start and (Un)read toggles.,null,['res/menu/message_list_context.xml'],"Jul 20, 2012"
24d7416,https://github.com/k9mail/k-9/commit/24d7416e61b8210e2110e9c998aa641c18aea6b0,Implemented the (Un)start and (Un)read toggles.,null,['res/values/strings.xml'],"Jul 20, 2012"
24d7416,https://github.com/k9mail/k-9/commit/24d7416e61b8210e2110e9c998aa641c18aea6b0,Implemented the (Un)start and (Un)read toggles.,null,['src/com/fsck/k9/activity/MessageList.java'],"Jul 20, 2012"
6bea2dd,https://github.com/k9mail/k-9/commit/6bea2dddac817ebd0cafe0abceb903ec7bd76f5a,Major cleanup of the MessageList activity and layout. Removed dead code.,null,['res/layout/message_list.xml'],"Jul 20, 2012"
6bea2dd,https://github.com/k9mail/k-9/commit/6bea2dddac817ebd0cafe0abceb903ec7bd76f5a,Major cleanup of the MessageList activity and layout. Removed dead code.,null,['res/layout/message_list_batch_buttons.xml'],"Jul 20, 2012"
6bea2dd,https://github.com/k9mail/k-9/commit/6bea2dddac817ebd0cafe0abceb903ec7bd76f5a,Major cleanup of the MessageList activity and layout. Removed dead code.,null,['res/menu/message_list_option.xml'],"Jul 20, 2012"
6bea2dd,https://github.com/k9mail/k-9/commit/6bea2dddac817ebd0cafe0abceb903ec7bd76f5a,Major cleanup of the MessageList activity and layout. Removed dead code.,null,['src/com/fsck/k9/activity/MessageList.java'],"Jul 20, 2012"
876bd52,https://github.com/k9mail/k-9/commit/876bd52e8d3735f670e9b0d8963c678a92f072d7,Exiting context mode after batch actions.,null,['src/com/fsck/k9/activity/MessageList.java'],"Jul 20, 2012"
e01232a,https://github.com/k9mail/k-9/commit/e01232a500fa4a746257ce91487ce26fa08b1db9,Selection with context actionbar working.,null,['res/menu/message_list_context.xml'],"Jul 19, 2012"
e01232a,https://github.com/k9mail/k-9/commit/e01232a500fa4a746257ce91487ce26fa08b1db9,Selection with context actionbar working.,null,['res/values/strings.xml'],"Jul 19, 2012"
e01232a,https://github.com/k9mail/k-9/commit/e01232a500fa4a746257ce91487ce26fa08b1db9,Selection with context actionbar working.,null,['src/com/fsck/k9/activity/MessageList.java'],"Jul 19, 2012"
f8bd9e4,https://github.com/k9mail/k-9/commit/f8bd9e481cee8314cffd67cccb1f1f911d7e222d,Converted MessageList to a K9ListActivity,null,['src/com/fsck/k9/activity/K9ListActivity.java'],"Jul 18, 2012"
f8bd9e4,https://github.com/k9mail/k-9/commit/f8bd9e481cee8314cffd67cccb1f1f911d7e222d,Converted MessageList to a K9ListActivity,null,['src/com/fsck/k9/activity/MessageList.java'],"Jul 18, 2012"
f8bd9e4,https://github.com/k9mail/k-9/commit/f8bd9e481cee8314cffd67cccb1f1f911d7e222d,Converted MessageList to a K9ListActivity,null,['src/com/fsck/k9/activity/misc/SwipeGestureDetector.java'],"Jul 18, 2012"
72d7110,https://github.com/k9mail/k-9/commit/72d71102a115ef7a2acb5a39bbcdf2ca49580ea0,Use ADT's magic to include the necessary libraries from lib/,null,['.classpath'],"Jul 18, 2012"
72d7110,https://github.com/k9mail/k-9/commit/72d71102a115ef7a2acb5a39bbcdf2ca49580ea0,Use ADT's magic to include the necessary libraries from lib/,null,['libs/android-support-v4.jar'],"Jul 18, 2012"
4260029,https://github.com/k9mail/k-9/commit/42600297b2435994c80ce174c0b506d153cbfea3,Switched to ActionBarSherlock 4.1.0,null,['plugins/ActionBarSherlock'],"Jul 18, 2012"
830442b,https://github.com/k9mail/k-9/commit/830442b6900ce42596b9a2c3ff1e61a9fbc623f2,Show email subject in actionbar.,null,['src/com/fsck/k9/activity/MessageView.java'],"Jul 18, 2012"
a37c95b,https://github.com/k9mail/k-9/commit/a37c95b4569b6286f32b670b2ba1648de62d86ea,Move auto-unboxing out of if-clause,null,['src/com/fsck/k9/mail/store/ImapStore.java'],"Jul 7, 2012"
c359eb3,https://github.com/k9mail/k-9/commit/c359eb3cb7339e85c8b4e07a49e711127a5c72e8,Use auto-unboxing when iterating over a List<Long>,null,['src/com/fsck/k9/mail/store/ImapStore.java'],"Jul 7, 2012"
08c6c63,https://github.com/k9mail/k-9/commit/08c6c63b3126b9c7f4f8c643fc76aa9a395faa76,Merge branch 'pullreq153',null,['src/com/fsck/k9/mail/store/ImapResponseParser.java'],"Jul 7, 2012"
08c6c63,https://github.com/k9mail/k-9/commit/08c6c63b3126b9c7f4f8c643fc76aa9a395faa76,Merge branch 'pullreq153',null,['src/com/fsck/k9/mail/store/ImapStore.java'],"Jul 7, 2012"
a281b34,https://github.com/k9mail/k-9/commit/a281b3401e00cc9cba9318bdcd5f6f820b2e7a83,Extracted code to disable Lint warning when using newer API,null,['src/com/fsck/k9/view/MessageWebView.java'],"Jul 7, 2012"
1f2104c,https://github.com/k9mail/k-9/commit/1f2104cae1f8f219e957a04f51376bffba403aaa,Added annotations to disable Lint warnings when we're using newer APIs,null,['src/com/fsck/k9/helper/ClipboardManagerApi11.java'],"Jul 7, 2012"
1f2104c,https://github.com/k9mail/k-9/commit/1f2104cae1f8f219e957a04f51376bffba403aaa,Added annotations to disable Lint warnings when we're using newer APIs,null,['src/com/fsck/k9/helper/NotificationBuilderApi11.java'],"Jul 7, 2012"
ece107f,https://github.com/k9mail/k-9/commit/ece107f6d899fa1a12a6e656342dce621cbcfcf0,Removed unused variable,null,['src/com/fsck/k9/controller/MessagingController.java'],"Jul 7, 2012"
f832e08,https://github.com/k9mail/k-9/commit/f832e08de3e88f57a0ad2f227c4c3593c75ec460,Removed unused debug message,null,['src/com/fsck/k9/activity/FolderList.java'],"Jul 7, 2012"
