edc099f,https://github.com/jberkel/sms-backup-plus/commit/edc099f320347a98bdfc9a6e2891354b183d7414,Several changes:,"* Storing credentials in shared prefs.
* Full backup capabilities including initial sync and sync data reset after changing login.
* Made SmsSync activity a PreferenceActivity with the status at the top being a 'fake preference entry'.
* Added docs to SmsSyncService.


git-svn-id: http://android-sms.googlecode.com/svn/trunk@6 13e780f6-e3f2-11dd-9759-139c9ab14fc6",['android-client/.classpath'],"Jan 19, 2009"
edc099f,https://github.com/jberkel/sms-backup-plus/commit/edc099f320347a98bdfc9a6e2891354b183d7414,Several changes:,"* Storing credentials in shared prefs.
* Full backup capabilities including initial sync and sync data reset after changing login.
* Made SmsSync activity a PreferenceActivity with the status at the top being a 'fake preference entry'.
* Added docs to SmsSyncService.


git-svn-id: http://android-sms.googlecode.com/svn/trunk@6 13e780f6-e3f2-11dd-9759-139c9ab14fc6",['android-client/res/layout/main.xml'],"Jan 19, 2009"
edc099f,https://github.com/jberkel/sms-backup-plus/commit/edc099f320347a98bdfc9a6e2891354b183d7414,Several changes:,"* Storing credentials in shared prefs.
* Full backup capabilities including initial sync and sync data reset after changing login.
* Made SmsSync activity a PreferenceActivity with the status at the top being a 'fake preference entry'.
* Added docs to SmsSyncService.


git-svn-id: http://android-sms.googlecode.com/svn/trunk@6 13e780f6-e3f2-11dd-9759-139c9ab14fc6",['android-client/res/layout/status.xml'],"Jan 19, 2009"
edc099f,https://github.com/jberkel/sms-backup-plus/commit/edc099f320347a98bdfc9a6e2891354b183d7414,Several changes:,"* Storing credentials in shared prefs.
* Full backup capabilities including initial sync and sync data reset after changing login.
* Made SmsSync activity a PreferenceActivity with the status at the top being a 'fake preference entry'.
* Added docs to SmsSyncService.


git-svn-id: http://android-sms.googlecode.com/svn/trunk@6 13e780f6-e3f2-11dd-9759-139c9ab14fc6",['android-client/res/values/strings.xml'],"Jan 19, 2009"
edc099f,https://github.com/jberkel/sms-backup-plus/commit/edc099f320347a98bdfc9a6e2891354b183d7414,Several changes:,"* Storing credentials in shared prefs.
* Full backup capabilities including initial sync and sync data reset after changing login.
* Made SmsSync activity a PreferenceActivity with the status at the top being a 'fake preference entry'.
* Added docs to SmsSyncService.


git-svn-id: http://android-sms.googlecode.com/svn/trunk@6 13e780f6-e3f2-11dd-9759-139c9ab14fc6",['android-client/res/xml/main_screen.xml'],"Jan 19, 2009"
edc099f,https://github.com/jberkel/sms-backup-plus/commit/edc099f320347a98bdfc9a6e2891354b183d7414,Several changes:,"* Storing credentials in shared prefs.
* Full backup capabilities including initial sync and sync data reset after changing login.
* Made SmsSync activity a PreferenceActivity with the status at the top being a 'fake preference entry'.
* Added docs to SmsSyncService.


git-svn-id: http://android-sms.googlecode.com/svn/trunk@6 13e780f6-e3f2-11dd-9759-139c9ab14fc6",['android-client/src/tv/studer/smssync/Consts.java'],"Jan 19, 2009"
edc099f,https://github.com/jberkel/sms-backup-plus/commit/edc099f320347a98bdfc9a6e2891354b183d7414,Several changes:,"* Storing credentials in shared prefs.
* Full backup capabilities including initial sync and sync data reset after changing login.
* Made SmsSync activity a PreferenceActivity with the status at the top being a 'fake preference entry'.
* Added docs to SmsSyncService.


git-svn-id: http://android-sms.googlecode.com/svn/trunk@6 13e780f6-e3f2-11dd-9759-139c9ab14fc6",['android-client/src/tv/studer/smssync/SmsSync.java'],"Jan 19, 2009"
edc099f,https://github.com/jberkel/sms-backup-plus/commit/edc099f320347a98bdfc9a6e2891354b183d7414,Several changes:,"* Storing credentials in shared prefs.
* Full backup capabilities including initial sync and sync data reset after changing login.
* Made SmsSync activity a PreferenceActivity with the status at the top being a 'fake preference entry'.
* Added docs to SmsSyncService.


git-svn-id: http://android-sms.googlecode.com/svn/trunk@6 13e780f6-e3f2-11dd-9759-139c9ab14fc6",['android-client/src/tv/studer/smssync/SmsSyncService.java'],"Jan 19, 2009"
9ca3c87,https://github.com/jberkel/sms-backup-plus/commit/9ca3c87293d0eedf871e5979ccb199ac5a3e14f2,Server initial commit.,git-svn-id: http://android-sms.googlecode.com/svn/trunk@5 13e780f6-e3f2-11dd-9759-139c9ab14fc6,['appspot-server/.project'],"Jan 16, 2009"
9ca3c87,https://github.com/jberkel/sms-backup-plus/commit/9ca3c87293d0eedf871e5979ccb199ac5a3e14f2,Server initial commit.,git-svn-id: http://android-sms.googlecode.com/svn/trunk@5 13e780f6-e3f2-11dd-9759-139c9ab14fc6,['appspot-server/src/COPYING'],"Jan 16, 2009"
9ca3c87,https://github.com/jberkel/sms-backup-plus/commit/9ca3c87293d0eedf871e5979ccb199ac5a3e14f2,Server initial commit.,git-svn-id: http://android-sms.googlecode.com/svn/trunk@5 13e780f6-e3f2-11dd-9759-139c9ab14fc6,['appspot-server/src/NOTICE'],"Jan 16, 2009"
9ca3c87,https://github.com/jberkel/sms-backup-plus/commit/9ca3c87293d0eedf871e5979ccb199ac5a3e14f2,Server initial commit.,git-svn-id: http://android-sms.googlecode.com/svn/trunk@5 13e780f6-e3f2-11dd-9759-139c9ab14fc6,['appspot-server/src/app.yaml'],"Jan 16, 2009"
9ca3c87,https://github.com/jberkel/sms-backup-plus/commit/9ca3c87293d0eedf871e5979ccb199ac5a3e14f2,Server initial commit.,git-svn-id: http://android-sms.googlecode.com/svn/trunk@5 13e780f6-e3f2-11dd-9759-139c9ab14fc6,['appspot-server/src/index.yaml'],"Jan 16, 2009"
9ca3c87,https://github.com/jberkel/sms-backup-plus/commit/9ca3c87293d0eedf871e5979ccb199ac5a3e14f2,Server initial commit.,git-svn-id: http://android-sms.googlecode.com/svn/trunk@5 13e780f6-e3f2-11dd-9759-139c9ab14fc6,['appspot-server/src/list.py'],"Jan 16, 2009"
9ca3c87,https://github.com/jberkel/sms-backup-plus/commit/9ca3c87293d0eedf871e5979ccb199ac5a3e14f2,Server initial commit.,git-svn-id: http://android-sms.googlecode.com/svn/trunk@5 13e780f6-e3f2-11dd-9759-139c9ab14fc6,['appspot-server/src/main.py'],"Jan 16, 2009"
9ca3c87,https://github.com/jberkel/sms-backup-plus/commit/9ca3c87293d0eedf871e5979ccb199ac5a3e14f2,Server initial commit.,git-svn-id: http://android-sms.googlecode.com/svn/trunk@5 13e780f6-e3f2-11dd-9759-139c9ab14fc6,['appspot-server/src/model.py'],"Jan 16, 2009"
9ca3c87,https://github.com/jberkel/sms-backup-plus/commit/9ca3c87293d0eedf871e5979ccb199ac5a3e14f2,Server initial commit.,git-svn-id: http://android-sms.googlecode.com/svn/trunk@5 13e780f6-e3f2-11dd-9759-139c9ab14fc6,['appspot-server/src/reg.py'],"Jan 16, 2009"
9ca3c87,https://github.com/jberkel/sms-backup-plus/commit/9ca3c87293d0eedf871e5979ccb199ac5a3e14f2,Server initial commit.,git-svn-id: http://android-sms.googlecode.com/svn/trunk@5 13e780f6-e3f2-11dd-9759-139c9ab14fc6,['appspot-server/src/simplejson/LICENSE.txt'],"Jan 16, 2009"
9ca3c87,https://github.com/jberkel/sms-backup-plus/commit/9ca3c87293d0eedf871e5979ccb199ac5a3e14f2,Server initial commit.,git-svn-id: http://android-sms.googlecode.com/svn/trunk@5 13e780f6-e3f2-11dd-9759-139c9ab14fc6,['appspot-server/src/simplejson/__init__.py'],"Jan 16, 2009"
9ca3c87,https://github.com/jberkel/sms-backup-plus/commit/9ca3c87293d0eedf871e5979ccb199ac5a3e14f2,Server initial commit.,git-svn-id: http://android-sms.googlecode.com/svn/trunk@5 13e780f6-e3f2-11dd-9759-139c9ab14fc6,['appspot-server/src/simplejson/__init__.pyc'],"Jan 16, 2009"
9ca3c87,https://github.com/jberkel/sms-backup-plus/commit/9ca3c87293d0eedf871e5979ccb199ac5a3e14f2,Server initial commit.,git-svn-id: http://android-sms.googlecode.com/svn/trunk@5 13e780f6-e3f2-11dd-9759-139c9ab14fc6,['appspot-server/src/simplejson/_speedups.c'],"Jan 16, 2009"
9ca3c87,https://github.com/jberkel/sms-backup-plus/commit/9ca3c87293d0eedf871e5979ccb199ac5a3e14f2,Server initial commit.,git-svn-id: http://android-sms.googlecode.com/svn/trunk@5 13e780f6-e3f2-11dd-9759-139c9ab14fc6,['appspot-server/src/simplejson/decoder.py'],"Jan 16, 2009"
9ca3c87,https://github.com/jberkel/sms-backup-plus/commit/9ca3c87293d0eedf871e5979ccb199ac5a3e14f2,Server initial commit.,git-svn-id: http://android-sms.googlecode.com/svn/trunk@5 13e780f6-e3f2-11dd-9759-139c9ab14fc6,['appspot-server/src/simplejson/decoder.pyc'],"Jan 16, 2009"
9ca3c87,https://github.com/jberkel/sms-backup-plus/commit/9ca3c87293d0eedf871e5979ccb199ac5a3e14f2,Server initial commit.,git-svn-id: http://android-sms.googlecode.com/svn/trunk@5 13e780f6-e3f2-11dd-9759-139c9ab14fc6,['appspot-server/src/simplejson/encoder.py'],"Jan 16, 2009"
9ca3c87,https://github.com/jberkel/sms-backup-plus/commit/9ca3c87293d0eedf871e5979ccb199ac5a3e14f2,Server initial commit.,git-svn-id: http://android-sms.googlecode.com/svn/trunk@5 13e780f6-e3f2-11dd-9759-139c9ab14fc6,['appspot-server/src/simplejson/encoder.pyc'],"Jan 16, 2009"
9ca3c87,https://github.com/jberkel/sms-backup-plus/commit/9ca3c87293d0eedf871e5979ccb199ac5a3e14f2,Server initial commit.,git-svn-id: http://android-sms.googlecode.com/svn/trunk@5 13e780f6-e3f2-11dd-9759-139c9ab14fc6,['appspot-server/src/simplejson/scanner.py'],"Jan 16, 2009"
9ca3c87,https://github.com/jberkel/sms-backup-plus/commit/9ca3c87293d0eedf871e5979ccb199ac5a3e14f2,Server initial commit.,git-svn-id: http://android-sms.googlecode.com/svn/trunk@5 13e780f6-e3f2-11dd-9759-139c9ab14fc6,['appspot-server/src/simplejson/scanner.pyc'],"Jan 16, 2009"
9ca3c87,https://github.com/jberkel/sms-backup-plus/commit/9ca3c87293d0eedf871e5979ccb199ac5a3e14f2,Server initial commit.,git-svn-id: http://android-sms.googlecode.com/svn/trunk@5 13e780f6-e3f2-11dd-9759-139c9ab14fc6,['appspot-server/src/simplejson/tool.py'],"Jan 16, 2009"
9ca3c87,https://github.com/jberkel/sms-backup-plus/commit/9ca3c87293d0eedf871e5979ccb199ac5a3e14f2,Server initial commit.,git-svn-id: http://android-sms.googlecode.com/svn/trunk@5 13e780f6-e3f2-11dd-9759-139c9ab14fc6,['appspot-server/src/sync.py'],"Jan 16, 2009"
72c26c7,https://github.com/jberkel/sms-backup-plus/commit/72c26c7ca3baf654aa098b58398ee2f03d4e1da1,New icon.,git-svn-id: http://android-sms.googlecode.com/svn/trunk@9 13e780f6-e3f2-11dd-9759-139c9ab14fc6,['android-client/AndroidManifest.xml'],"Jan 20, 2009"
72c26c7,https://github.com/jberkel/sms-backup-plus/commit/72c26c7ca3baf654aa098b58398ee2f03d4e1da1,New icon.,git-svn-id: http://android-sms.googlecode.com/svn/trunk@9 13e780f6-e3f2-11dd-9759-139c9ab14fc6,['android-client/res/drawable/ic_launcher_smssync.png'],"Jan 20, 2009"
72c26c7,https://github.com/jberkel/sms-backup-plus/commit/72c26c7ca3baf654aa098b58398ee2f03d4e1da1,New icon.,git-svn-id: http://android-sms.googlecode.com/svn/trunk@9 13e780f6-e3f2-11dd-9759-139c9ab14fc6,['android-client/res/drawable/icon.png'],"Jan 20, 2009"
5b17bef,https://github.com/jberkel/sms-backup-plus/commit/5b17bef9946e76e1c3c1af6dc189d83251f76ead,Initial commit.,git-svn-id: http://android-sms.googlecode.com/svn/trunk@3 13e780f6-e3f2-11dd-9759-139c9ab14fc6,['android-client/.classpath'],"Jan 16, 2009"
5b17bef,https://github.com/jberkel/sms-backup-plus/commit/5b17bef9946e76e1c3c1af6dc189d83251f76ead,Initial commit.,git-svn-id: http://android-sms.googlecode.com/svn/trunk@3 13e780f6-e3f2-11dd-9759-139c9ab14fc6,['android-client/.project'],"Jan 16, 2009"
5b17bef,https://github.com/jberkel/sms-backup-plus/commit/5b17bef9946e76e1c3c1af6dc189d83251f76ead,Initial commit.,git-svn-id: http://android-sms.googlecode.com/svn/trunk@3 13e780f6-e3f2-11dd-9759-139c9ab14fc6,['android-client/.settings/org.eclipse.jdt.core.prefs'],"Jan 16, 2009"
5b17bef,https://github.com/jberkel/sms-backup-plus/commit/5b17bef9946e76e1c3c1af6dc189d83251f76ead,Initial commit.,git-svn-id: http://android-sms.googlecode.com/svn/trunk@3 13e780f6-e3f2-11dd-9759-139c9ab14fc6,['android-client/.settings/org.eclipse.jdt.ui.prefs'],"Jan 16, 2009"
5b17bef,https://github.com/jberkel/sms-backup-plus/commit/5b17bef9946e76e1c3c1af6dc189d83251f76ead,Initial commit.,git-svn-id: http://android-sms.googlecode.com/svn/trunk@3 13e780f6-e3f2-11dd-9759-139c9ab14fc6,['android-client/AndroidManifest.xml'],"Jan 16, 2009"
5b17bef,https://github.com/jberkel/sms-backup-plus/commit/5b17bef9946e76e1c3c1af6dc189d83251f76ead,Initial commit.,git-svn-id: http://android-sms.googlecode.com/svn/trunk@3 13e780f6-e3f2-11dd-9759-139c9ab14fc6,['android-client/COPYING'],"Jan 16, 2009"
5b17bef,https://github.com/jberkel/sms-backup-plus/commit/5b17bef9946e76e1c3c1af6dc189d83251f76ead,Initial commit.,git-svn-id: http://android-sms.googlecode.com/svn/trunk@3 13e780f6-e3f2-11dd-9759-139c9ab14fc6,['android-client/NOTICE'],"Jan 16, 2009"
5b17bef,https://github.com/jberkel/sms-backup-plus/commit/5b17bef9946e76e1c3c1af6dc189d83251f76ead,Initial commit.,git-svn-id: http://android-sms.googlecode.com/svn/trunk@3 13e780f6-e3f2-11dd-9759-139c9ab14fc6,['android-client/external/googleclientlogin.jar'],"Jan 16, 2009"
5b17bef,https://github.com/jberkel/sms-backup-plus/commit/5b17bef9946e76e1c3c1af6dc189d83251f76ead,Initial commit.,git-svn-id: http://android-sms.googlecode.com/svn/trunk@3 13e780f6-e3f2-11dd-9759-139c9ab14fc6,['android-client/res/drawable/icon.png'],"Jan 16, 2009"
5b17bef,https://github.com/jberkel/sms-backup-plus/commit/5b17bef9946e76e1c3c1af6dc189d83251f76ead,Initial commit.,git-svn-id: http://android-sms.googlecode.com/svn/trunk@3 13e780f6-e3f2-11dd-9759-139c9ab14fc6,['android-client/res/layout/main.xml'],"Jan 16, 2009"
5b17bef,https://github.com/jberkel/sms-backup-plus/commit/5b17bef9946e76e1c3c1af6dc189d83251f76ead,Initial commit.,git-svn-id: http://android-sms.googlecode.com/svn/trunk@3 13e780f6-e3f2-11dd-9759-139c9ab14fc6,['android-client/res/values/strings.xml'],"Jan 16, 2009"
5b17bef,https://github.com/jberkel/sms-backup-plus/commit/5b17bef9946e76e1c3c1af6dc189d83251f76ead,Initial commit.,git-svn-id: http://android-sms.googlecode.com/svn/trunk@3 13e780f6-e3f2-11dd-9759-139c9ab14fc6,['android-client/src/tv/studer/smssync/Consts.java'],"Jan 16, 2009"
5b17bef,https://github.com/jberkel/sms-backup-plus/commit/5b17bef9946e76e1c3c1af6dc189d83251f76ead,Initial commit.,git-svn-id: http://android-sms.googlecode.com/svn/trunk@3 13e780f6-e3f2-11dd-9759-139c9ab14fc6,['android-client/src/tv/studer/smssync/CursorToJson.java'],"Jan 16, 2009"
5b17bef,https://github.com/jberkel/sms-backup-plus/commit/5b17bef9946e76e1c3c1af6dc189d83251f76ead,Initial commit.,git-svn-id: http://android-sms.googlecode.com/svn/trunk@3 13e780f6-e3f2-11dd-9759-139c9ab14fc6,['android-client/src/tv/studer/smssync/SmsSync.java'],"Jan 16, 2009"
5b17bef,https://github.com/jberkel/sms-backup-plus/commit/5b17bef9946e76e1c3c1af6dc189d83251f76ead,Initial commit.,git-svn-id: http://android-sms.googlecode.com/svn/trunk@3 13e780f6-e3f2-11dd-9759-139c9ab14fc6,['android-client/src/tv/studer/smssync/SmsSyncService.java'],"Jan 16, 2009"
2b0fb4e,https://github.com/jberkel/sms-backup-plus/commit/2b0fb4e291c4e993f87f030263b4709313b5750c,Major change: Using Gmail IMAP as a backend now instead of the AppEng…,"…ine web app.

git-svn-id: http://android-sms.googlecode.com/svn/trunk@10 13e780f6-e3f2-11dd-9759-139c9ab14fc6",['android-client/.classpath'],"Jan 21, 2009"
2b0fb4e,https://github.com/jberkel/sms-backup-plus/commit/2b0fb4e291c4e993f87f030263b4709313b5750c,Major change: Using Gmail IMAP as a backend now instead of the AppEng…,"…ine web app.

git-svn-id: http://android-sms.googlecode.com/svn/trunk@10 13e780f6-e3f2-11dd-9759-139c9ab14fc6",['android-client/AndroidManifest.xml'],"Jan 21, 2009"
2b0fb4e,https://github.com/jberkel/sms-backup-plus/commit/2b0fb4e291c4e993f87f030263b4709313b5750c,Major change: Using Gmail IMAP as a backend now instead of the AppEng…,"…ine web app.

git-svn-id: http://android-sms.googlecode.com/svn/trunk@10 13e780f6-e3f2-11dd-9759-139c9ab14fc6",['android-client/NOTICE'],"Jan 21, 2009"
2b0fb4e,https://github.com/jberkel/sms-backup-plus/commit/2b0fb4e291c4e993f87f030263b4709313b5750c,Major change: Using Gmail IMAP as a backend now instead of the AppEng…,"…ine web app.

git-svn-id: http://android-sms.googlecode.com/svn/trunk@10 13e780f6-e3f2-11dd-9759-139c9ab14fc6",['android-client/external/googleclientlogin.jar'],"Jan 21, 2009"
2b0fb4e,https://github.com/jberkel/sms-backup-plus/commit/2b0fb4e291c4e993f87f030263b4709313b5750c,Major change: Using Gmail IMAP as a backend now instead of the AppEng…,"…ine web app.

git-svn-id: http://android-sms.googlecode.com/svn/trunk@10 13e780f6-e3f2-11dd-9759-139c9ab14fc6",['android-client/external/imapstore.jar'],"Jan 21, 2009"
2b0fb4e,https://github.com/jberkel/sms-backup-plus/commit/2b0fb4e291c4e993f87f030263b4709313b5750c,Major change: Using Gmail IMAP as a backend now instead of the AppEng…,"…ine web app.

git-svn-id: http://android-sms.googlecode.com/svn/trunk@10 13e780f6-e3f2-11dd-9759-139c9ab14fc6",['android-client/res/values/strings.xml'],"Jan 21, 2009"
2b0fb4e,https://github.com/jberkel/sms-backup-plus/commit/2b0fb4e291c4e993f87f030263b4709313b5750c,Major change: Using Gmail IMAP as a backend now instead of the AppEng…,"…ine web app.

git-svn-id: http://android-sms.googlecode.com/svn/trunk@10 13e780f6-e3f2-11dd-9759-139c9ab14fc6",['android-client/src/tv/studer/smssync/Consts.java'],"Jan 21, 2009"
2b0fb4e,https://github.com/jberkel/sms-backup-plus/commit/2b0fb4e291c4e993f87f030263b4709313b5750c,Major change: Using Gmail IMAP as a backend now instead of the AppEng…,"…ine web app.

git-svn-id: http://android-sms.googlecode.com/svn/trunk@10 13e780f6-e3f2-11dd-9759-139c9ab14fc6",['android-client/src/tv/studer/smssync/CursorToMessage.java'],"Jan 21, 2009"
2b0fb4e,https://github.com/jberkel/sms-backup-plus/commit/2b0fb4e291c4e993f87f030263b4709313b5750c,Major change: Using Gmail IMAP as a backend now instead of the AppEng…,"…ine web app.

git-svn-id: http://android-sms.googlecode.com/svn/trunk@10 13e780f6-e3f2-11dd-9759-139c9ab14fc6",['android-client/src/tv/studer/smssync/SmsConsts.java'],"Jan 21, 2009"
2b0fb4e,https://github.com/jberkel/sms-backup-plus/commit/2b0fb4e291c4e993f87f030263b4709313b5750c,Major change: Using Gmail IMAP as a backend now instead of the AppEng…,"…ine web app.

git-svn-id: http://android-sms.googlecode.com/svn/trunk@10 13e780f6-e3f2-11dd-9759-139c9ab14fc6",['android-client/src/tv/studer/smssync/SmsSync.java'],"Jan 21, 2009"
2b0fb4e,https://github.com/jberkel/sms-backup-plus/commit/2b0fb4e291c4e993f87f030263b4709313b5750c,Major change: Using Gmail IMAP as a backend now instead of the AppEng…,"…ine web app.

git-svn-id: http://android-sms.googlecode.com/svn/trunk@10 13e780f6-e3f2-11dd-9759-139c9ab14fc6",['android-client/src/tv/studer/smssync/SmsSyncService.java'],"Jan 21, 2009"
1fb1427,https://github.com/jberkel/sms-backup-plus/commit/1fb1427eed0a607cf274cd426412a294c0bac5fc,Minor wording changes.,git-svn-id: http://android-sms.googlecode.com/svn/trunk@8 13e780f6-e3f2-11dd-9759-139c9ab14fc6,['android-client/res/layout/status.xml'],"Jan 20, 2009"
1fb1427,https://github.com/jberkel/sms-backup-plus/commit/1fb1427eed0a607cf274cd426412a294c0bac5fc,Minor wording changes.,git-svn-id: http://android-sms.googlecode.com/svn/trunk@8 13e780f6-e3f2-11dd-9759-139c9ab14fc6,['android-client/res/values/strings.xml'],"Jan 20, 2009"
1fb1427,https://github.com/jberkel/sms-backup-plus/commit/1fb1427eed0a607cf274cd426412a294c0bac5fc,Minor wording changes.,git-svn-id: http://android-sms.googlecode.com/svn/trunk@8 13e780f6-e3f2-11dd-9759-139c9ab14fc6,['android-client/res/xml/main_screen.xml'],"Jan 20, 2009"
417ba5b,https://github.com/jberkel/sms-backup-plus/commit/417ba5b0319e3db3aeab01f4d925de44a85a448d,Another missing space,null,['app/src/main/res/values-pt-rPT/strings.xml'],"May 1, 2018"
349af0b,https://github.com/jberkel/sms-backup-plus/commit/349af0b913797e36ceb065852d31eeeaf8215128,Document absent support of RCS.,null,['README.md'],"Feb 23, 2018"
e1199b1,https://github.com/jberkel/sms-backup-plus/commit/e1199b15afd657272889a944cd866fe6c57c87b9,Test DonationActivity,null,['app/src/main/java/com/zegoggles/smssync/activity/donation/DonationActivity.java'],"Jan 23, 2018"
e1199b1,https://github.com/jberkel/sms-backup-plus/commit/e1199b15afd657272889a944cd866fe6c57c87b9,Test DonationActivity,null,['app/src/test/java/com/zegoggles/smssync/activity/donation/DonationActivityTest.java'],"Jan 23, 2018"
27ada85,https://github.com/jberkel/sms-backup-plus/commit/27ada858baf5f873a5c1c608b26ea0f005953fe4,Remove permission,null,['README.md'],"Jan 23, 2018"
abdc906,https://github.com/jberkel/sms-backup-plus/commit/abdc90656d4b256a700f95f8c9f86a652a03e915,7bit transport,null,['src/main/java/com/zegoggles/smssync/mail/MessageGenerator.java'],"Dec 28, 2014"
